category,question,response
Work-Life Balance,How does the company support work-life balance?,The company offers flexible working hours and remote work options to support employees' work-life balance.
Work-Life Balance,Are there any wellness programs available?,"Yes, the company provides wellness programs such as yoga classes, mindfulness sessions, and employee assistance programs."
Work-Life Balance,Can I request additional time off for personal reasons?,"Yes, employees can request additional time off for personal reasons, subject to approval from their manager."
Work-Life Balance,What is the policy on working overtime?,The company encourages a healthy work-life balance and limits the need for overtime work except in exceptional circumstances.
Work-Life Balance,Is there a designated quiet space for focused work?,"Yes, employees have access to designated quiet spaces where they can focus without distractions."
Diversity and Inclusion,How does the company promote diversity and inclusion?,"The company promotes diversity and inclusion through recruitment practices, training programs, and employee resource groups."
Diversity and Inclusion,Are there any diversity training programs available?,"Yes, the company offers diversity training programs to educate employees on topics such as unconscious bias, cultural competence, and inclusive leadership."
Diversity and Inclusion,What measures are in place to prevent discrimination?,The company has strict policies and procedures in place to prevent discrimination and ensure fair treatment of all employees.
Diversity and Inclusion,How are diverse perspectives valued in decision-making processes?,The company actively seeks input from employees with diverse backgrounds and perspectives to ensure inclusive decision-making processes.
Diversity and Inclusion,What support is available for employees from underrepresented groups?,"Employees from underrepresented groups have access to mentorship programs, affinity groups, and career development opportunities tailored to their needs."
Professional Development,Are there opportunities for professional development?,"Yes, the company offers various opportunities for professional development, including workshops, seminars, and tuition reimbursement."
Professional Development,Can I request specialized training relevant to my role?,"Yes, employees can request specialized training relevant to their role, subject to approval from their manager and budget constraints."
Professional Development,How are employees supported in pursuing further education?,The company supports employees in pursuing further education through tuition reimbursement programs and flexible scheduling options.
Professional Development,What career paths are available within the company?,"Employees have access to various career paths within the company, including opportunities for lateral moves, promotions, and specialized roles."
Professional Development,What resources are available for skill development?,"Employees have access to online learning platforms, mentorship programs, and on-the-job training opportunities to develop their skills."
Company Culture,How would you describe the company culture?,"The company culture is collaborative, innovative, and supportive, with a strong emphasis on teamwork and open communication."
Company Culture,Are there any team-building activities or events?,"Yes, the company organizes regular team-building activities and events to foster camaraderie and collaboration among employees."
Company Culture,How are achievements and milestones celebrated?,"Achievements and milestones are celebrated through recognition programs, awards ceremonies, and team outings."
Company Culture,What values are important to the company?,"The company values integrity, diversity, excellence, and innovation, and strives to uphold these values in all aspects of its operations."
Company Culture,How does the company foster inclusivity and belonging?,"The company fosters inclusivity and belonging through employee resource groups, diversity initiatives, and inclusive policies."
Employee Benefits,What benefits are included in the employee benefits package?,"The employee benefits package includes health insurance, retirement plans, paid time off, and wellness programs."
Employee Benefits,Are there any perks or discounts available to employees?,"Yes, employees are eligible for perks such as gym memberships, discounts on company products, and subsidized transportation options."
Employee Benefits,Can I customize my benefits package?,"Yes, employees can customize their benefits package to suit their individual needs, with options for additional coverage or flexible spending accounts."
Employee Benefits,How does the company support employee well-being?,"The company supports employee well-being through comprehensive health and wellness programs, employee assistance services, and mental health resources."
Employee Benefits,What is the policy on parental leave?,The company offers parental leave policies that provide support and flexibility for employees welcoming a new child into their family.
